matrix_size,inversion_time,factorization_time
2,1.32e-6,4.794871794871795e-7
3,1.58e-6,5.884615384615385e-7
5,2.288888888888889e-6,9.075e-7
10,4.666666666666667e-6,2.2111111111111113e-6
30,3.07e-5,1.62e-5
100,0.0037856,0.0021618
1000,0.0677333,0.024156
