Matrix Size,Inversion Time (s),Factorization Time (s)
2,0.00012453000992536544,3.3460010308772324e-05
3,0.00016788699431344867,4.184501711279154e-05
5,0.00018578000133857132,3.976699197664857e-05
10,0.00020312199601903557,2.687100088223815e-05
30,0.0018444460001774132,0.0009374640043824912
100,0.008903728001751005,0.006362200002186001
1000,0.1822321730107069,0.07970261199166999
